"query","search interest","increase percent"
"fire fortune's weave",100,"-30%"
"fire emblem",99,"-20%"
"fire emblem fortune's weave",95,"-30%"
"fortunes weave",12,"30%"
"fortune's weave characters",7,"-2%"
"fe fortune's weave",6,"40%"
"fire emblem fortunes weave",6,"-10%"
"cai fortune's weave",5,"190%"
"fire emblem fortune's weave characters",5,"-1%"
"fortune's weave classes",4,"140%"
"fortune's weave map",4,"200%"
"leda fortune's weave",3,"110%"
"cai fire emblem fortune's weave",3,"170%"
"fortune's weave paralogue",3,"1,300%"
"fire emblem fortune's weave guide",3,"70%"
"fortune's weave gifts",3,"160%"
"fire emblem fortune's weave classes",3,"120%"
"fortune's weave paralogues",3,"1,250%"
"paralogues fortune's weave",3,"1,150%"
"fortune's weave recruitment",2,"110%"
"switch 2",2,"-60%"
"leda fire emblem",2,"120%"
"fire emblem fortune's weave leda",2,"120%"
"fire emblem fortune's weave map",2,"180%"
"fortune's weave part 2",2,"850%"
"fire emblem fortune's weave paralogue",2,"1,250%"
"dietrich fire emblem",2,"130%"
"fire emblem fortune's weave dietrich",2,"130%"
"fire emblem fortune's weave gifts",2,"170%"
"fortune's weave chapters",2,"90%"
"fire emblem fortune's weave theodora",2,"110%"
"theodora fire emblem",2,"100%"
"fire emblem fortune's weave reddit",2,"-40%"
"fire emblem fortune's weave gift",2,"120%"
"fire emblem fortune's weave support",2,"50%"
"fortune's weave dates",2,"450%"
"fire emblem three houses",2,"-40%"
"fire emblem fortune's weave best class",2,"500%"
"fire emblem fortune's weave recruitment",1,"80%"
"fortune's weave gift guide",1,"130%"
"fire emblem fortune's weave review",1,"-90%"
"fire emblem fortune's weave romance",1,"-70%"
"fire emblem fortune's weave paralogues",1,"1,150%"
"paradise fish fortune's weave",1,"800%"
"fire emblem fortune's weave part 2",1,"650%"
"nintendo",1,"-70%"
"fortune's weave paradise fish",1,"750%"
"wonder leaves fortune's weave",1,"950%"
"fortune's weave wonder leaves",1,"1,050%"
"fire emblem fortune's weave chapters",1,"60%"